I,II,III,aVR,aVL,aVF,V1,V2,V3,V4,V5,V6
74,110,36,-92,19,72,-164,-72,25,-10,-729,-2388
63,98,35,-81,14,67,-166,-110,20,-17,-727,-2380
71,78,6,-75,32,42,-179,-159,12,-33,-723,-2366
85,59,-26,-72,55,16,-180,-151,7,-25,-717,-2356
37,30,-7,-33,22,11,-162,-162,-18,-39,-738,-2346
0,12,12,-7,-6,12,-146,-182,-46,-65,-756,-2335
-4,5,9,-1,-6,6,-144,-194,-52,-70,-751,-2316
-9,1,10,4,-10,5,-140,-208,-48,-79,-747,-2289
-10,-12,-2,10,-4,-6,-139,-195,-52,-77,-746,-2267
-19,-13,6,16,-12,-3,-134,-202,-49,-69,-739,-2245
-10,-21,-11,16,1,-16,-135,-183,-49,-68,-738,-2227
-15,-12,3,14,-8,-5,-128,-196,-49,-62,-731,-2208
-19,-15,4,17,-11,-5,-132,-174,-38,-59,-723,-2195
-26,-12,14,19,-20,0,-129,-182,-57,-73,-724,-2167
-35,-3,31,19,-33,14,-131,-171,-28,-60,-705,-2148
-35,-53,-19,44,-8,-36,-108,-105,-74,-104,-740,-2155
-3,-54,-51,29,24,-52,-6,70,-59,-120,-764,-2136
271,61,-210,-166,241,-74,-238,39,135,158,-539,-1950
354,777,423,-566,-35,600,-623,-1242,936,1047,227,-1367
73,1043,970,-559,-449,1006,-665,-2033,1344,1344,497,-1148
-133,173,306,-20,-219,240,-479,-1446,159,231,-375,-1726
-216,-197,20,206,-118,-88,-230,-871,-373,-309,-818,-2069
-179,-142,37,161,-108,-53,-116,-428,-121,-151,-730,-2029
-119,-127,-8,123,-55,-67,-97,-234,-126,-149,-729,-1985
-69,-34,34,51,-51,0,-86,-103,-5,-66,-654,-1923
-34,-25,9,29,-21,-8,-93,-36,-19,-57,-635,-1903
-28,-2,26,15,-27,12,-88,-33,2,-43,-622,-1873
-18,-8,10,13,-13,1,-91,6,11,-36,-617,-1847
-15,-1,14,8,-14,7,-90,1,11,-34,-612,-1827
-6,3,10,1,-8,6,-95,26,31,-21,-602,-1804
-1,4,5,-2,-4,4,-95,27,21,-21,-600,-1791
6,12,6,-10,0,9,-96,41,38,-8,-588,-1776
13,16,3,-15,5,9,-101,46,45,-6,-583,-1758
24,25,1,-25,11,13,-100,56,55,4,-572,-1732
31,30,-1,-30,15,14,-102,73,55,11,-563,-1706
39,38,-1,-38,19,18,-108,92,71,24,-551,-1678
50,42,-7,-46,29,17,-108,121,89,35,-538,-1653
66,53,-13,-59,39,20,-122,137,105,50,-518,-1630
80,61,-19,-70,49,21,-136,158,125,74,-491,-1602
90,75,-16,-82,53,29,-144,187,149,100,-458,-1565
114,106,-7,-110,60,49,-166,214,184,143,-420,-1518
135,137,2,-136,66,69,-185,245,230,200,-373,-1470
157,169,11,-163,73,90,-215,271,276,257,-307,-1412
176,210,34,-193,71,122,-233,276,325,310,-254,-1353
196,242,46,-219,75,144,-248,269,366,361,-215,-1304
207,265,58,-236,74,161,-269,268,395,396,-173,-1257
189,273,84,-232,53,178,-271,257,407,398,-158,-1230
167,250,82,-208,42,166,-264,221,382,370,-178,-1230
130,207,77,-169,27,141,-213,172,312,295,-241,-1254
80,153,73,-117,3,113,-157,123,220,188,-325,-1304
26,94,68,-60,-21,81,-123,59,147,101,-395,-1347
-11,46,57,-18,-34,52,-92,2,89,48,-447,-1356
-31,14,45,8,-38,29,-80,-25,45,6,-466,-1352
-43,-1,42,22,-42,21,-77,-45,14,-26,-477,-1351
-35,1,36,17,-36,18,-73,-60,2,-41,-487,-1347
-34,-1,33,18,-34,15,-70,-63,-1,-45,-485,-1345
-32,-5,27,19,-29,11,-65,-68,-6,-48,-481,-1342
-31,-5,26,17,-28,11,-63,-79,-9,-53,-478,-1330
-40,-7,33,24,-36,12,-59,-75,-15,-55,-474,-1315
-40,-11,30,25,-35,10,-60,-67,-11,-55,-470,-1303
-40,-10,30,25,-35,10,-60,-61,-10,-58,-467,-1290
-40,-10,30,25,-35,10,-60,-54,-10,-61,-464,-1279
-40,-10,30,25,-35,10,-60,-49,-6,-59,-462,-1269
-41,-10,30,26,-36,10,-59,-44,-5,-56,-459,-1259
-41,-15,26,27,-33,5,-63,-39,-7,-53,-456,-1249
-35,-15,20,25,-27,2,-65,-34,-17,-51,-454,-1239
-31,-16,14,23,-22,-1,-65,-31,-30,-48,-449,-1229
-31,-20,11,25,-21,-5,-64,-24,-39,-45,-443,-1219
-21,-20,1,20,-11,-9,-66,-34,-41,-47,-438,-1207
-28,-20,8,24,-18,-6,-64,-54,-44,-53,-432,-1195
-49,-20,29,35,-39,5,-65,-57,-47,-56,-428,-1184
-46,-20,26,33,-36,3,-79,-62,-52,-60,-425,-1175
-38,-20,18,29,-28,-1,-79,-68,-59,-65,-421,-1167
-37,-20,17,28,-27,-1,-73,-64,-60,-65,-417,-1158
-24,-20,5,22,-14,-7,-71,-71,-61,-66,-414,-1145
-29,-15,13,22,-21,-1,-65,-98,-64,-70,-410,-1131
-49,-15,34,31,-41,9,-66,-102,-66,-70,-410,-1118
-41,-15,25,28,-32,5,-70,-98,-63,-70,-409,-1103
-31,-15,16,22,-23,1,-75,-110,-59,-70,-404,-1082
-14,-16,-2,15,-6,-9,-71,-109,-53,-70,-405,-1064
-3,-12,-9,8,3,-10,-70,-118,-50,-70,-402,-1055
-12,-10,2,11,-7,-3,-70,-126,-45,-70,-399,-1044
-29,-10,19,19,-24,4,-65,-124,-40,-70,-400,-1034
-42,-10,33,26,-37,11,-65,-137,-52,-65,-396,-1026
-21,-10,11,16,-16,0,-66,-140,-53,-65,-395,-1018
-2,-9,-8,5,3,-8,-82,-134,-45,-65,-395,-1008
-41,-20,21,31,-31,0,-88,-131,-42,-65,-390,-1002
-77,-28,49,52,-62,10,-71,-129,-34,-65,-390,-993
-51,-24,26,37,-38,1,-67,-130,-30,-65,-389,-982
-27,-25,1,26,-13,-12,-61,-130,-40,-65,-384,-962
-39,-21,18,30,-28,-2,-56,-131,-46,-65,-385,-933
-65,-20,46,42,-56,13,-49,-127,-44,-65,-382,-919
-52,-20,31,36,-42,5,-47,-124,-49,-66,-376,-910
-26,-20,6,23,-16,-7,-64,-119,-50,-75,-371,-899
-46,-20,26,33,-36,3,-63,-117,-50,-75,-365,-890
-71,-20,51,45,-61,15,-59,-111,-49,-71,-360,-879
-50,-20,30,35,-40,5,-56,-111,-52,-69,-355,-870
-17,-20,-3,19,-7,-11,-51,-128,-65,-66,-350,-857
-37,-20,17,28,-27,-1,-49,-131,-66,-64,-346,-842
-66,-20,46,43,-56,12,-45,-129,-64,-60,-343,-830
-45,-20,25,32,-35,3,-46,-130,-66,-60,-339,-812
-12,-20,-9,16,-2,-14,-42,-130,-63,-59,-335,-799
-32,-19,13,26,-22,-3,-40,-129,-69,-55,-333,-792
-52,-21,32,36,-42,5,-40,-124,-74,-54,-327,-783
-30,-9,22,19,-26,6,-44,-121,-66,-58,-323,-772
-28,4,33,12,-31,18,-44,-115,-49,-53,-320,-757
20,23,3,-22,8,13,-46,-102,-39,-43,-309,-739
85,69,-15,-77,50,27,-58,-49,-10,-33,-284,-712
57,76,19,-67,19,48,-56,-24,32,-23,-246,-688
38,58,20,-49,9,39,-49,-79,28,-16,-246,-682
59,46,-13,-52,35,16,-45,-106,16,-4,-257,-685
49,17,-32,-32,40,-7,-37,-94,-3,-30,-261,-690
24,1,-23,-12,23,-10,-38,-112,-37,-62,-283,-694
7,-11,-18,2,13,-14,-47,-124,-54,-69,-287,-690
-32,-22,10,27,-21,-6,-42,-124,-67,-76,-284,-681
-55,-31,23,43,-38,-4,-39,-127,-68,-78,-284,-674
-49,-33,17,41,-33,-8,-36,-131,-71,-85,-281,-666
-49,-25,25,37,-37,0,-30,-132,-59,-82,-278,-658
-37,-31,6,33,-21,-12,-31,-123,-72,-94,-284,-651
-42,-15,26,28,-34,6,-20,-133,-58,-83,-282,-638
-35,-28,6,31,-21,-11,-25,-114,-70,-89,-288,-632
-61,-12,49,36,-55,18,-8,-129,-62,-78,-283,-615
-42,-42,0,42,-21,-21,-21,-74,-55,-80,-284,-601
-31,-73,-42,52,6,-57,48,36,-122,-148,-317,-629
86,-68,-154,-9,120,-111,53,232,-28,-76,-272,-599
347,297,-50,-322,198,123,-336,-267,444,508,223,-208
207,1028,822,-618,-308,925,-589,-1529,1435,1376,923,296
-67,653,720,-293,-394,686,-467,-1631,1020,865,530,39
-193,-128,65,160,-129,-32,-228,-1022,-316,-227,-289,-533
-220,-179,41,199,-130,-69,-28,-607,-309,-271,-361,-635
-132,-178,-46,155,-43,-112,30,-288,-171,-185,-317,-597
-61,-96,-35,79,-13,-65,30,-161,-140,-142,-277,-560
-30,-36,-6,34,-12,-21,16,-17,-43,-81,-219,-520
-26,-37,-10,32,-8,-23,5,-6,-72,-88,-216,-514
3,-11,-15,4,9,-13,-4,8,-28,-60,-198,-498
8,-19,-27,5,18,-23,-11,22,-49,-70,-199,-493
6,-6,-12,0,9,-9,-14,21,-25,-51,-185,-486
22,-9,-31,-6,27,-20,-21,40,-27,-52,-182,-478
43,-1,-44,-20,43,-22,-26,35,-19,-43,-174,-463
46,0,-46,-23,46,-22,-32,55,-9,-36,-169,-450
50,4,-45,-26,47,-20,-35,60,-4,-30,-164,-440
55,11,-44,-33,49,-16,-37,70,8,-22,-158,-430
60,14,-47,-36,53,-16,-41,84,17,-14,-144,-418
58,19,-39,-39,49,-10,-44,95,30,3,-126,-402
36,23,-13,-29,24,5,-52,106,45,14,-108,-390
72,28,-44,-49,57,-8,-69,123,67,32,-87,-362
103,38,-65,-70,84,-13,-81,156,92,57,-69,-334
99,57,-42,-77,70,8,-90,177,127,86,-40,-305
124,85,-39,-104,81,23,-115,196,160,132,2,-265
167,126,-41,-146,103,42,-145,215,208,186,52,-220
181,161,-20,-171,100,70,-174,215,258,239,104,-170
201,192,-8,-196,104,92,-207,230,299,295,147,-130
230,228,-2,-230,116,113,-223,230,336,338,192,-91
210,238,27,-224,91,132,-237,212,353,352,199,-66
190,223,33,-207,79,127,-240,195,334,336,184,-64
164,198,34,-181,65,115,-206,168,278,275,152,-85
104,151,48,-128,28,99,-158,137,200,178,76,-139
48,90,42,-69,3,66,-93,89,121,79,0,-187
5,40,35,-23,-15,37,-41,28,42,7,-58,-216
-11,14,25,-2,-18,19,-29,-16,-13,-43,-96,-227
-22,3,25,9,-24,14,-15,-37,-39,-78,-123,-224
-39,-3,37,21,-38,17,-10,-57,-61,-86,-134,-222
-41,-7,33,24,-37,13,-8,-59,-70,-97,-135,-218
-42,-11,30,27,-36,9,-4,-66,-70,-110,-135,-216
-44,-16,27,30,-35,5,-2,-81,-70,-116,-135,-214
-45,-20,25,32,-35,2,1,-72,-69,-121,-135,-208
-49,-26,23,37,-35,-2,-4,-66,-73,-120,-134,-199
-42,-28,14,35,-28,-7,-8,-60,-75,-120,-129,-192
-32,-24,8,28,-19,-8,-12,-52,-75,-120,-126,-182
-26,-25,0,26,-12,-12,-17,-50,-75,-120,-123,-172
-17,-25,-8,21,-4,-16,-22,-50,-75,-117,-118,-163
-12,-25,-13,19,1,-19,-25,-50,-75,-114,-115,-149
-14,-25,-11,20,-1,-17,-25,-50,-78,-116,-115,-135
-20,-20,-1,20,-9,-10,-25,-50,-81,-115,-115,-123
-16,-20,-4,18,-6,-12,-25,-55,-86,-116,-115,-116
3,-19,-22,8,12,-20,-25,-60,-89,-113,-115,-111
11,-15,-26,2,19,-20,-22,-63,-94,-110,-115,-105
2,-15,-17,7,10,-16,-19,-68,-107,-109,-114,-100
-1,-15,-14,8,7,-14,-21,-70,-111,-111,-110,-93
-9,-15,-6,12,-1,-10,-19,-81,-113,-109,-110,-83
-27,-15,12,21,-19,-1,-23,-86,-116,-113,-110,-76
-24,-15,9,20,-16,-3,-40,-88,-119,-129,-110,-69
-29,-15,14,22,-21,0,-37,-91,-120,-131,-110,-63
-38,-15,23,27,-30,3,-31,-90,-115,-129,-106,-56
-39,-21,19,30,-29,-1,-28,-90,-115,-131,-101,-48
-47,-26,21,37,-34,-2,-22,-90,-114,-129,-96,-34
-52,-33,19,43,-36,-6,-19,-90,-110,-130,-92,-12
-53,-33,20,43,-37,-6,-15,-89,-110,-130,-88,1
-47,-29,18,38,-32,-6,-15,-92,-112,-130,-83,7
-45,-30,14,37,-30,-7,-13,-95,-117,-130,-80,14
-42,-30,12,36,-27,-9,-9,-95,-119,-130,-77,21
-39,-30,9,35,-24,-11,-10,-98,-115,-130,-75,28
-36,-30,6,32,-21,-11,-13,-101,-115,-126,-71,33
-34,-30,4,32,-19,-13,-15,-99,-115,-125,-70,43
-47,-30,18,38,-33,-6,-15,-96,-115,-125,-67,51
-61,-30,31,45,-46,0,-15,-94,-114,-124,-62,57
-59,-30,29,45,-44,0,-15,-96,-120,-126,-60,71
-61,-29,32,45,-46,1,-14,-94,-127,-123,-55,79
-64,-29,35,46,-49,3,-10,-96,-119,-119,-52,80
-50,-15,35,32,-42,10,-8,-92,-112,-111,-47,97
-43,-10,32,26,-37,11,-4,-75,-108,-109,-40,106
3,26,23,-15,-10,25,-2,-65,-80,-86,-10,120
57,73,16,-66,20,45,2,-37,-49,-43,31,158
54,62,8,-59,23,35,-8,-37,-68,-54,37,171
48,48,0,-48,23,24,-25,-70,-93,-69,31,180
40,36,-4,-38,22,16,-25,-61,-86,-60,32,182
17,7,-10,-12,13,-1,-20,-79,-103,-89,17,179
-14,-24,-10,19,-2,-16,-18,-111,-119,-114,-4,180
-23,-41,-18,33,-2,-30,-14,-110,-121,-116,-6,174
-24,-40,-16,32,-3,-28,-9,-112,-119,-114,-4,176
-27,-49,-22,38,-2,-35,-7,-101,-120,-115,-6,173
-31,-42,-11,37,-10,-27,-2,-107,-122,-116,-5,192
-32,-46,-14,39,-9,-30,0,-92,-115,-112,-5,209
-36,-46,-10,41,-13,-28,5,-99,-124,-111,-3,217
-39,-39,-1,40,-19,-20,9,-87,-98,-95,7,228
-33,-48,-16,41,-8,-32,10,-74,-119,-103,3,230
-33,-25,8,29,-21,-8,11,-80,-82,-76,19,237
-20,-75,-55,48,17,-65,23,-10,-115,-108,7,213
-28,-81,-52,55,12,-66,126,149,-141,-150,-19,198
170,-16,-186,-77,178,-101,-16,243,71,70,141,337
338,600,262,-470,38,431,-465,-827,848,876,811,838
130,1047,917,-589,-394,982,-610,-1856,1535,1352,1209,1121
-112,246,358,-67,-235,301,-387,-1428,409,355,450,642
-204,-240,-36,222,-84,-138,-121,-857,-473,-341,-106,250
-153,-179,-26,166,-63,-102,19,-431,-173,-185,-38,248
-95,-183,-87,139,-4,-135,47,-182,-157,-154,-14,284
-43,-71,-28,57,-7,-49,52,-65,-57,-65,58,351
-13,-60,-46,37,17,-53,50,28,-24,-44,69,374
-34,-46,-12,40,-11,-29,48,27,-17,-31,79,386
-26,-44,-18,35,-4,-31,45,70,12,-19,91,407
-25,-40,-15,33,-5,-27,45,67,-4,-25,89,419
-21,-29,-9,25,-6,-19,42,77,24,-7,100,431
-19,-31,-12,25,-4,-21,38,84,24,-12,99,443
-2,-21,-19,11,9,-19,37,95,42,2,112,459
13,-22,-35,5,24,-28,33,103,45,4,113,466
12,-15,-27,2,20,-21,31,108,65,17,124,479
18,-13,-31,-3,25,-22,28,129,81,23,130,492
20,-9,-30,-6,25,-19,23,144,99,35,148,504
26,-3,-30,-12,28,-16,15,169,124,62,163,530
39,8,-32,-24,35,-12,9,189,144,79,182,545
52,17,-35,-34,43,-9,3,210,165,97,215,567
66,30,-36,-48,51,-3,-11,242,203,132,238,592
98,58,-39,-78,68,9,-33,270,245,176,276,612
128,87,-41,-107,85,23,-57,290,289,223,319,656
154,125,-29,-139,91,48,-80,321,352,287,374,702
164,162,-2,-163,82,80,-114,337,406,347,421,748
162,197,35,-180,63,116,-149,340,447,397,465,786
168,221,53,-194,57,137,-154,342,478,440,508,813
164,212,48,-188,57,130,-139,327,478,431,504,822
153,199,46,-177,53,123,-129,297,447,389,477,804
105,148,44,-127,30,96,-93,249,367,304,414,759
45,82,37,-64,3,60,-33,182,265,193,330,706
-4,28,32,-12,-18,30,1,120,193,112,264,661
-42,-19,23,30,-32,2,19,77,134,49,211,624
-52,-48,4,49,-28,-22,34,44,97,13,189,614
-46,-72,-26,60,-10,-48,36,27,82,-4,189,615
-29,-77,-47,53,9,-62,35,21,76,-11,185,614
-35,-78,-43,57,4,-60,33,14,72,-17,182,615
-36,-82,-46,60,5,-64,29,7,68,-24,180,614
-41,-85,-44,63,2,-64,30,5,62,-31,180,617
-39,-84,-45,62,4,-65,42,5,61,-34,180,620
-35,-79,-44,58,5,-61,47,5,69,-30,180,623
-66,-80,-15,73,-25,-47,40,5,71,-30,180,625
-36,-80,-44,58,4,-62,40,6,74,-30,179,632
-21,-80,-59,51,19,-69,35,11,77,-30,181,642
-35,-80,-45,58,5,-62,35,24,80,-30,184,645
-11,-84,-73,48,31,-78,36,27,85,-27,187,655
-16,-92,-76,54,30,-83,32,25,84,-24,189,661
-21,-95,-74,59,27,-85,46,38,86,-21,193,664
-19,-95,-76,57,29,-85,50,39,90,-18,194,673
-23,-97,-74,61,26,-85,44,30,89,-16,197,677
-24,-100,-77,62,26,-88,42,25,92,-14,200,680
-18,-100,-82,59,32,-91,38,17,96,-10,204,687
-7,-96,-89,52,41,-92,34,11,94,-10,205,695
-8,-95,-87,51,40,-91,37,6,95,-7,200,706
-12,-95,-83,54,36,-89,50,1,95,-5,200,717
-15,-95,-80,55,33,-87,48,-4,96,-5,199,713
-15,-95,-80,55,33,-87,44,-7,99,-2,204,717
-18,-95,-77,57,30,-86,41,-13,100,1,215,731
-20,-95,-74,58,27,-85,36,-14,100,4,215,736
-20,-95,-75,58,28,-85,33,-10,100,7,214,749
-20,-95,-75,58,28,-85,30,-10,101,10,216,756
-20,-95,-75,58,28,-85,27,-10,97,9,213,773
-19,-95,-77,57,30,-86,25,-10,95,5,220,789
-12,-91,-80,51,34,-85,21,-10,95,6,227,782
-9,-90,-81,49,36,-85,19,-13,95,2,225,787
-15,-90,-75,53,30,-82,36,-15,95,0,225,789
-24,-90,-66,57,21,-78,41,-17,95,0,222,787
-25,-90,-65,58,20,-76,36,-21,107,3,219,796
-26,-91,-65,59,20,-78,35,-18,109,5,221,802
-30,-95,-65,63,18,-80,30,-15,101,5,232,816
-30,-95,-65,63,18,-80,29,-15,99,5,237,822
-29,-97,-69,63,20,-83,25,-12,93,5,238,828
-30,-100,-70,65,20,-85,25,-10,90,7,242,841
-30,-100,-70,65,20,-85,24,-9,98,10,244,844
-27,-96,-69,62,22,-82,20,-22,102,12,248,848
-24,-95,-71,59,24,-82,20,-32,100,15,250,851
-26,-95,-68,61,21,-81,22,-29,100,18,253,854
-29,-91,-62,60,16,-76,26,-31,100,20,255,858
-36,-89,-53,63,9,-71,28,-30,100,20,255,862
-44,-92,-47,68,2,-69,31,-30,101,20,255,866
-28,-95,-67,62,20,-81,34,-29,104,20,255,869
-21,-95,-74,58,27,-85,35,-25,105,20,255,873
-33,-95,-62,64,15,-78,35,-26,105,20,255,880
-36,-95,-59,66,12,-77,35,-22,105,19,253,886
-45,-95,-50,70,3,-72,35,-20,105,15,250,889
-47,-91,-44,70,-1,-67,35,-20,102,15,250,890
-21,-90,-68,56,23,-79,35,-24,100,13,250,889
-13,-90,-76,52,31,-82,32,-25,100,9,250,893
-9,-86,-76,48,34,-81,30,-25,97,10,250,900
8,-84,-93,38,51,-88,30,-30,94,13,247,905
-7,-87,-80,47,37,-83,26,-30,96,18,244,909
-16,-90,-73,53,28,-81,25,-31,99,19,241,913
-21,-90,-69,56,24,-79,25,-35,101,15,238,915
-26,-90,-64,58,19,-77,25,-35,105,15,235,914
-29,-90,-60,60,16,-75,25,-34,103,15,236,915
-36,-90,-54,64,9,-72,25,-36,99,15,240,914
-15,-86,-71,51,29,-78,25,-34,100,15,240,916
-13,-86,-72,50,30,-79,25,-36,96,19,242,919
-18,-82,-63,50,23,-72,27,-34,95,29,246,920
-23,-81,-58,52,17,-69,34,-36,95,35,244,920
-25,-76,-51,51,13,-63,40,-33,105,45,249,918
3,-42,-45,20,24,-44,45,1,124,51,262,929
53,2,-50,-27,51,-24,43,25,145,59,275,941
83,33,-50,-58,66,-8,40,54,173,86,301,954
70,26,-44,-48,57,-9,41,35,176,96,314,958
77,4,-73,-40,75,-34,36,-8,156,84,306,947
80,-3,-82,-39,81,-42,35,-14,142,81,307,943
49,-30,-79,-10,64,-54,35,-24,128,67,298,935
9,-72,-80,32,45,-76,35,-38,116,31,265,929
-9,-88,-80,49,35,-84,35,-45,110,14,249,922
-10,-90,-81,50,36,-86,35,-47,98,15,248,915
-19,-94,-75,57,28,-84,35,-44,95,16,246,909
-30,-106,-76,68,23,-90,34,-43,86,13,241,901
-35,-99,-64,67,15,-81,36,-42,90,17,241,898
-32,-105,-73,69,20,-88,33,-34,81,15,240,889
-41,-94,-53,68,6,-74,38,-46,81,23,248,887
-35,-102,-67,68,16,-84,32,-18,82,25,249,879
-54,-90,-36,73,-9,-63,39,-44,64,14,242,874
-41,-96,-55,69,7,-75,28,-6,72,9,238,871
-27,-123,-97,75,35,-110,88,70,28,-17,216,847
46,-115,-161,35,104,-138,137,300,77,20,216,840
319,122,-198,-220,258,-38,-213,-107,403,445,559,1102
287,899,612,-593,-163,755,-545,-1569,1325,1368,1352,1680
9,788,780,-399,-386,784,-512,-1868,1247,1208,1218,1573
-138,-103,36,121,-87,-33,-290,-1152,-59,38,318,917
-178,-245,-67,212,-55,-156,-39,-607,-216,-184,161,773
-110,-212,-102,161,-4,-157,42,-207,-1,-40,198,815
-81,-167,-86,125,2,-126,67,-47,4,-20,211,870
-41,-85,-44,63,2,-64,80,95,110,58,289,936
-13,-95,-83,54,35,-89,71,111,66,43,267,924
-18,-73,-56,46,19,-64,75,133,104,63,290,949
-8,-80,-72,45,32,-76,67,148,95,58,282,956
-16,-67,-51,42,18,-59,72,147,109,67,293,990
-8,-66,-57,37,25,-61,64,175,120,81,312,1041
-11,-59,-47,35,18,-53,65,174,127,93,331,1074
-7,-52,-45,30,19,-48,81,204,150,97,332,1081
18,-49,-66,16,42,-57,79,210,155,100,335,1079
28,-41,-68,7,48,-54,68,217,156,105,339,1079
28,-34,-62,3,45,-48,60,227,154,108,342,1080
35,-24,-59,-5,47,-41,50,243,177,123,349,1078
37,-16,-53,-10,45,-34,43,267,190,134,350,1082
46,-4,-50,-21,48,-27,36,289,204,149,376,1092
72,10,-62,-41,66,-25,30,312,229,176,395,1095
90,26,-64,-57,76,-18,20,346,250,208,421,1104
112,58,-53,-85,82,2,-8,386,288,247,461,1124
155,93,-62,-124,108,15,-39,410,335,304,498,1162
182,130,-52,-156,117,38,-65,428,377,363,548,1201
189,167,-22,-178,105,72,-91,424,424,420,593,1233
221,203,-19,-212,120,92,-109,411,464,469,634,1271
211,220,9,-215,100,114,-126,404,486,493,661,1293
170,207,37,-189,67,121,-124,385,481,485,666,1288
168,194,26,-181,71,110,-91,342,440,432,638,1272
121,143,21,-132,50,82,-49,277,363,342,561,1239
58,72,14,-65,21,43,-6,212,273,242,479,1186
19,24,4,-22,7,14,35,157,209,166,411,1137
-17,-20,-3,19,-7,-11,59,111,161,121,372,1100
-25,-52,-26,39,1,-39,60,79,119,92,350,1077
-19,-66,-47,43,15,-57,59,63,99,74,326,1057
-21,-65,-44,43,12,-54,61,58,101,59,319,1030
-24,-65,-41,44,9,-52,59,51,99,54,313,1008
-27,-65,-38,46,6,-51,61,44,95,56,309,1004
-29,-64,-35,47,3,-50,64,37,95,55,305,1004
-35,-69,-34,53,-1,-51,67,37,93,55,300,1004
-40,-70,-30,55,-5,-50,70,42,88,55,300,1004
-40,-70,-30,55,-5,-50,72,45,85,52,300,1004
-45,-75,-30,60,-7,-52,76,50,82,50,300,1004
-45,-75,-30,60,-7,-52,72,58,77,50,300,1004
-47,-76,-30,62,-8,-53,70,67,74,46,299,1004
-46,-80,-34,63,-6,-56,70,76,70,44,301,1004
-41,-83,-41,62,0,-62,70,83,70,46,305,1004
-39,-85,-46,62,4,-66,70,83,69,49,305,1002
-38,-88,-50,63,6,-69,71,78,64,50,304,999
-41,-91,-50,66,5,-70,71,75,65,50,305,1000
-36,-86,-50,61,7,-68,70,72,63,50,305,996
-31,-85,-54,58,12,-69,70,67,56,50,302,994
-30,-85,-55,58,13,-70,70,65,51,48,299,995
-30,-85,-55,58,13,-70,70,58,46,44,296,987
-30,-85,-55,58,13,-70,69,48,40,42,293,980
-30,-85,-55,58,13,-70,65,40,35,39,290,973
-30,-85,-55,58,13,-70,65,30,31,36,291,965
-30,-85,-55,58,13,-70,65,22,28,34,296,958
-30,-85,-55,58,13,-70,65,20,25,31,300,952
-30,-85,-55,58,13,-70,65,20,22,30,304,947
-30,-85,-55,58,13,-70,61,16,20,30,305,942
-30,-85,-55,58,13,-70,60,15,20,30,305,938
-30,-85,-55,58,13,-70,60,15,20,30,305,933
-29,-85,-55,58,13,-70,60,10,20,33,305,929
-31,-85,-54,59,12,-70,60,10,20,35,305,920
-28,-84,-56,57,15,-70,60,10,20,35,305,909
-25,-86,-61,56,18,-73,60,10,20,34,305,897
-24,-90,-66,58,21,-78,60,10,25,31,305,887
-20,-90,-69,55,24,-79,60,12,25,28,305,882
-25,-92,-67,59,21,-80,60,15,26,25,305,877
-32,-95,-64,64,17,-80,60,16,30,22,305,873
-34,-95,-61,64,14,-77,60,20,30,19,305,868
-33,-92,-59,62,13,-75,60,19,28,22,305,864
-35,-89,-54,63,9,-71,60,15,25,26,305,859
-32,-90,-58,61,13,-74,60,15,25,24,305,852
-24,-90,-66,57,21,-78,60,15,21,29,305,845
-26,-90,-64,58,19,-76,59,15,20,30,305,838
-23,-91,-69,57,23,-80,54,15,20,30,305,832
-9,-95,-85,52,39,-90,49,15,14,35,305,827
-5,-97,-93,51,44,-95,44,15,9,35,305,820
-11,-100,-90,55,39,-95,40,15,4,36,305,814
-18,-104,-86,61,34,-95,35,15,-2,40,305,807
-23,-105,-82,64,30,-93,40,15,-8,40,301,800
-29,-109,-80,69,25,-94,49,16,-12,40,297,793
-38,-110,-72,75,17,-91,50,19,-17,40,294,788
-24,-110,-87,67,32,-98,50,22,-20,40,291,783
-13,-114,-102,63,45,-108,50,25,-23,40,285,777
-21,-116,-95,69,38,-105,50,27,-28,40,286,772
-21,-113,-93,67,36,-103,49,31,-29,39,298,767
-21,-110,-89,66,34,-99,44,27,-26,35,300,764
-26,-110,-84,69,29,-97,46,25,-23,35,299,761
-19,-108,-89,63,35,-98,42,25,-20,35,300,758
-3,-104,-102,54,50,-103,39,25,-18,38,299,755
1,-105,-106,52,54,-106,40,25,-14,41,300,754
-1,-105,-104,53,52,-104,36,25,-18,39,296,750
0,-105,-105,53,53,-105,35,30,-20,40,295,749
0,-105,-105,53,54,-105,35,30,-20,40,294,748
-3,-105,-102,54,50,-104,35,30,-20,40,290,744
9,-105,-114,48,62,-109,34,30,-20,41,290,745
15,-104,-120,45,68,-111,37,29,-20,39,291,742
14,-98,-112,42,63,-104,40,33,-16,41,296,739
14,-95,-109,41,62,-102,42,35,-13,39,300,740
15,-89,-104,37,59,-96,46,35,-9,42,304,736
12,-87,-99,37,56,-92,47,34,-6,53,309,734
29,-67,-96,20,63,-81,68,49,-1,68,316,736
71,-20,-91,-26,81,-55,79,80,9,89,330,739
86,-6,-92,-40,89,-49,59,90,24,106,343,750
106,7,-99,-56,102,-46,37,77,34,122,357,764
92,-3,-95,-45,94,-49,25,69,26,118,352,757
74,-37,-111,-18,93,-74,24,56,15,106,341,750
84,-46,-130,-18,107,-88,27,42,10,100,334,744
34,-89,-123,28,78,-106,38,29,-7,71,306,709
0,-115,-115,58,58,-115,41,18,-27,52,286,680
-5,-120,-115,63,55,-117,39,23,-37,46,285,674
-28,-128,-100,78,36,-114,46,15,-35,42,285,667
-14,-128,-114,72,50,-121,44,20,-34,38,280,660
-1,-124,-124,63,62,-124,47,10,-38,31,279,654
-6,-121,-115,63,55,-117,50,17,-30,31,282,648
-5,-122,-116,64,56,-119,52,6,-39,19,277,640
-14,-110,-97,63,42,-103,59,9,-19,23,283,634
8,-122,-130,58,70,-126,57,29,-35,6,283,626
1,-99,-99,49,50,-99,68,16,-12,12,293,619
-1,-132,-131,67,65,-131,63,77,-29,-2,255,613
-14,-159,-145,86,66,-151,145,190,-63,-23,215,600
180,-116,-296,-32,238,-206,61,367,52,120,323,661
391,410,19,-400,186,214,-352,-604,643,839,947,1123
150,1002,852,-577,-351,927,-527,-1841,1429,1559,1560,1568
-72,371,442,-150,-257,406,-381,-1506,620,742,916,1134
-190,-285,-94,238,-48,-189,-134,-833,-352,-176,179,612
-184,-260,-76,223,-54,-168,57,-359,-147,-94,195,603
-80,-243,-163,162,41,-202,92,-86,-99,-58,218,599
-65,-154,-89,110,12,-121,102,46,-28,5,276,595
-15,-125,-110,70,48,-117,100,149,23,46,287,596
-16,-115,-99,65,42,-106,97,130,17,43,279,592
-9,-106,-97,57,44,-101,96,171,49,68,301,602
-3,-108,-105,56,51,-106,94,174,35,67,301,600
-2,-96,-94,49,46,-95,93,192,53,84,309,610
7,-99,-105,46,56,-101,86,204,41,80,302,607
1,-89,-90,44,46,-89,85,207,53,87,307,614
6,-85,-92,40,49,-88,80,212,49,85,303,619
4,-77,-81,36,43,-79,77,215,52,92,316,622
9,-71,-80,31,45,-75,74,238,60,103,327,625
5,-64,-69,30,37,-66,68,251,69,115,328,628
30,-58,-89,14,60,-73,62,265,88,125,338,642
61,-45,-106,-8,84,-75,57,293,102,137,352,655
62,-33,-94,-14,78,-63,51,319,121,156,367,669
78,-12,-90,-33,84,-51,47,350,154,183,381,687
98,15,-83,-56,90,-34,37,385,186,215,403,707
127,39,-88,-83,107,-24,19,414,226,264,439,737
152,78,-74,-114,113,2,-7,449,276,325,486,778
167,115,-52,-140,109,31,-36,462,324,379,537,816
192,151,-41,-171,116,55,-61,453,367,434,579,850
211,185,-26,-197,118,79,-79,441,409,480,611,884
202,188,-14,-195,108,86,-82,431,425,494,632,887
172,174,2,-173,85,87,-73,406,400,472,620,871
140,146,6,-144,67,76,-41,353,351,406,566,851
92,88,-4,-90,48,42,2,288,266,304,479,799
49,31,-18,-40,33,7,47,218,173,199,396,745
8,-16,-24,4,16,-20,86,160,103,128,339,708
-14,-59,-45,37,16,-51,103,116,49,84,301,677
-16,-78,-62,47,23,-70,114,93,11,55,276,662
-27,-82,-55,55,14,-68,115,78,-1,47,266,650
-32,-84,-53,58,11,-68,116,65,-2,39,259,638
-39,-88,-49,64,5,-68,120,63,-6,30,252,627
-46,-90,-44,68,-1,-66,120,59,-8,26,246,615
-44,-94,-49,69,3,-71,120,56,-11,25,239,604
-45,-95,-50,70,3,-72,120,51,-6,25,233,597
-46,-95,-50,70,3,-72,123,51,-5,25,229,590
-34,-100,-65,67,16,-82,126,65,-5,25,230,584
-35,-100,-65,68,15,-82,129,74,-5,25,227,577
-46,-100,-54,73,4,-76,131,81,-5,21,224,570
-53,-100,-47,77,-3,-73,137,88,-6,20,225,573
-62,-100,-38,81,-12,-69,144,87,-11,20,221,575
-67,-100,-34,84,-17,-67,142,84,-10,15,219,575
-75,-100,-25,88,-25,-62,139,81,-13,15,220,579
-79,-100,-21,90,-29,-60,136,78,-16,14,219,580
-87,-96,-10,92,-38,-53,133,75,-15,9,220,578
-76,-95,-19,85,-28,-56,130,74,-19,10,218,572
-51,-95,-45,73,-2,-69,130,68,-26,7,215,567
-56,-95,-39,76,-8,-67,130,62,-30,5,215,562
-66,-95,-29,81,-18,-62,130,57,-30,5,212,555
-74,-96,-22,85,-26,-59,130,51,-30,5,209,551
-76,-100,-24,89,-26,-62,130,46,-30,5,210,545
-74,-99,-25,87,-24,-62,130,41,-30,5,210,535
-77,-102,-25,90,-26,-64,133,39,-30,5,210,525
-82,-105,-24,94,-28,-65,138,36,-33,5,210,514
-87,-104,-18,96,-34,-61,139,33,-35,4,210,506
-98,-109,-11,104,-44,-60,134,30,-35,-1,210,497
-106,-110,-4,108,-51,-57,131,28,-35,-4,209,488
-112,-110,2,111,-57,-54,127,25,-36,-7,204,479
-120,-110,11,115,-66,-49,124,22,-33,-12,201,471
-107,-110,-3,109,-52,-56,119,20,-46,-15,198,462
-102,-109,-7,105,-47,-57,127,16,-62,-18,193,453
-99,-105,-6,102,-46,-55,136,15,-59,-23,190,450
-90,-105,-15,98,-37,-60,134,11,-60,-26,187,447
-101,-102,-1,102,-50,-52,136,10,-60,-29,182,444
-109,-99,10,104,-60,-45,134,10,-60,-34,179,441
-90,-100,-10,95,-40,-55,135,10,-64,-34,175,439
-89,-100,-11,95,-39,-55,134,10,-71,-30,171,437
-95,-100,-5,98,-45,-52,129,11,-76,-27,168,431
-76,-100,-24,88,-26,-62,131,18,-83,-25,165,426
-82,-100,-17,91,-33,-58,127,20,-85,-21,165,422
-79,-100,-21,90,-29,-61,126,20,-84,-20,162,417
-73,-98,-25,86,-24,-61,123,20,-86,-19,159,414
-83,-95,-12,89,-35,-53,134,19,-84,-22,160,415
-81,-95,-14,88,-33,-54,146,21,-105,-33,156,415
-99,-93,6,96,-53,-43,138,18,-122,-37,155,414
-93,-89,3,91,-48,-43,135,15,-119,-39,155,415
-66,-90,-24,78,-21,-57,130,15,-120,-45,150,414
-79,-94,-14,87,-32,-54,125,15,-120,-43,150,412
-103,-95,8,99,-55,-43,121,15,-120,-40,149,408
-117,-95,22,106,-69,-37,120,14,-123,-40,144,406
-115,-99,16,107,-65,-41,120,19,-127,-38,141,403
-110,-101,9,105,-59,-46,119,20,-129,-34,137,399
-101,-98,3,99,-52,-47,121,27,-134,-35,135,402
-90,-94,-4,93,-43,-49,118,26,-134,-39,128,404
-77,-75,3,76,-40,-36,137,35,-121,-30,138,409
-47,-35,11,41,-29,-12,146,55,-106,-18,147,407
-29,2,31,13,-30,16,137,71,-96,5,163,422
-3,28,31,-13,-18,30,131,95,-95,27,195,452
0,12,12,-6,-6,12,124,69,-92,18,192,447
-13,-13,0,13,-6,-6,118,50,-90,7,183,442
-18,-16,2,17,-10,-7,110,59,-89,-2,179,439
-69,-55,14,61,-41,-20,128,47,-113,-16,166,433
-104,-89,15,96,-59,-37,143,11,-134,-30,152,430
-99,-93,6,96,-52,-43,138,-6,-126,-42,134,424
-101,-98,3,99,-52,-48,141,-4,-128,-48,129,419
-95,-98,-3,97,-46,-50,140,-7,-119,-48,126,412
-85,-97,-12,91,-36,-54,139,-8,-124,-58,122,407
-90,-91,-1,91,-44,-45,136,-14,-116,-58,120,402
-97,-101,-4,99,-46,-52,133,-1,-123,-62,112,398
-107,-88,19,97,-63,-34,137,-14,-119,-59,118,395
-113,-103,10,108,-61,-46,133,9,-117,-60,112,391
-116,-84,32,100,-74,-26,137,-11,-130,-63,117,387
-95,-91,4,93,-49,-43,135,26,-100,-52,111,384
-96,-128,-32,112,-32,-80,195,132,-178,-114,75,364
-9,-132,-123,70,57,-127,227,329,-122,-90,74,343
254,125,-128,-190,191,-1,-101,-3,272,404,457,649
223,922,698,-573,-238,810,-440,-1292,1268,1289,1215,1197
-63,768,831,-353,-447,799,-364,-1615,1177,1035,1000,1068
-241,-108,132,174,-187,12,-99,-985,-237,-100,152,474
-269,-240,29,255,-149,-105,112,-538,-419,-286,-15,302
-199,-220,-21,210,-89,-120,180,-200,-211,-157,8,328
-158,-170,-12,164,-73,-91,177,-61,-217,-146,43,349
-123,-98,25,111,-74,-36,173,81,-94,-69,102,392
-105,-92,13,98,-59,-39,166,99,-115,-73,88,387
-95,-60,35,77,-65,-12,162,98,-72,-48,100,391
-85,-61,24,73,-54,-18,156,124,-87,-51,92,389
-85,-45,40,65,-63,-2,152,117,-70,-37,102,390
-79,-53,27,66,-53,-13,147,141,-65,-33,99,389
-75,-49,26,62,-51,-11,144,138,-63,-27,105,383
-70,-50,20,60,-45,-15,141,147,-49,-20,105,381
-67,-51,15,59,-41,-18,136,151,-46,-17,109,377
-57,-44,13,50,-34,-15,134,166,-30,-8,121,373
-44,-38,6,41,-25,-16,125,182,-25,-6,127,370
-30,-27,2,28,-16,-12,116,192,-11,5,134,373
-17,-23,-5,20,-6,-13,108,207,-3,21,137,379
-3,-12,-9,8,3,-10,97,225,19,41,161,381
4,-1,-5,-2,5,-3,91,243,50,54,181,389
29,31,3,-30,13,17,79,267,83,86,205,404
57,66,9,-62,24,37,56,294,127,135,246,423
69,85,16,-77,26,51,24,318,175,191,283,458
107,128,21,-118,43,74,-11,333,225,250,329,499
122,160,38,-141,41,99,-37,339,269,298,378,529
128,187,59,-158,34,123,-62,336,299,340,417,552
145,197,53,-172,46,125,-65,325,321,359,433,559
136,195,59,-166,38,127,-54,318,312,340,418,553
108,185,77,-147,15,131,-44,307,255,285,371,541
64,132,68,-99,-2,100,1,269,168,191,295,499
22,82,60,-52,-19,71,50,217,66,86,219,443
-15,35,50,-11,-32,42,95,169,-21,8,154,397
-49,-4,44,26,-46,20,128,130,-71,-54,107,373
-77,-31,45,53,-61,7,130,99,-115,-94,89,362
-94,-49,45,71,-69,-2,133,80,-141,-106,81,350
-100,-55,45,77,-72,-5,136,74,-148,-112,69,345
-108,-63,45,85,-76,-9,139,67,-150,-123,61,340
-110,-65,45,87,-77,-10,141,62,-150,-131,59,334
-102,-65,37,83,-69,-14,144,52,-155,-130,56,328
-97,-65,32,81,-64,-16,146,54,-155,-130,53,326
-87,-65,22,76,-54,-21,145,71,-156,-130,50,330
-83,-64,19,73,-51,-23,145,77,-160,-130,50,332
-66,-61,5,63,-35,-28,145,83,-160,-134,50,335
-72,-58,14,65,-43,-22,142,85,-160,-135,50,338
-80,-56,24,68,-52,-15,140,85,-160,-135,50,340
-58,-52,6,55,-32,-23,140,85,-160,-135,50,343
-84,-50,34,67,-59,-8,137,85,-164,-135,50,350
-87,-48,39,67,-63,-4,134,85,-165,-137,53,360
-82,-45,37,63,-59,-4,136,79,-167,-140,55,365
-86,-45,40,65,-62,-2,139,73,-178,-140,55,365
-82,-45,37,63,-59,-3,140,68,-181,-140,55,364
-85,-46,40,65,-62,-3,140,62,-184,-140,55,372
-81,-44,37,62,-59,-3,140,58,-186,-140,54,383
-90,-49,41,69,-65,-4,139,53,-184,-137,50,381
-96,-61,34,78,-65,-13,142,50,-190,-134,50,379
-107,-58,48,82,-77,-5,145,47,-195,-131,50,380
-77,-55,22,66,-49,-16,145,42,-195,-128,50,375
-48,-53,-5,50,-21,-28,145,39,-200,-125,50,375
-87,-49,38,68,-63,-5,145,35,-200,-126,46,374
-104,-53,51,78,-77,-1,144,35,-196,-130,44,369
-73,-55,18,64,-45,-19,141,34,-194,-130,45,370
-41,-55,-14,48,-13,-34,136,29,-191,-130,44,370
-48,-55,-7,52,-20,-31,134,31,-189,-130,46,370
-80,-55,25,67,-52,-15,129,27,-184,-130,44,370
-98,-55,43,77,-70,-6,126,25,-188,-128,40,366
-115,-60,55,87,-85,-2,122,21,-196,-125,41,365
-89,-60,29,74,-59,-15,120,19,-191,-125,37,358
-58,-60,-2,59,-28,-31,120,16,-188,-125,35,365
-99,-60,38,79,-69,-11,116,14,-185,-124,34,379
-121,-60,61,90,-91,2,115,23,-179,-126,39,382
-105,-56,49,80,-77,-3,114,27,-186,-121,41,383
-88,-26,62,56,-75,17,127,42,-186,-114,48,390
-48,-11,36,29,-42,12,140,40,-169,-108,69,410
-5,23,28,-9,-17,25,130,73,-159,-67,85,424
5,70,65,-37,-30,67,125,104,-152,-48,102,442
-18,36,54,-9,-36,45,117,53,-148,-80,97,439
-22,19,41,2,-31,29,114,36,-145,-92,86,430
-24,16,39,4,-31,27,115,45,-137,-88,80,424
-74,-27,47,50,-60,10,114,23,-164,-106,64,393
-96,-52,44,74,-69,-4,115,-11,-186,-120,48,377
-88,-60,27,74,-57,-16,115,-21,-185,-120,35,377
-101,-61,40,80,-70,-10,120,-21,-185,-120,36,372
-97,-67,31,81,-63,-18,122,-20,-184,-126,34,369
-95,-57,38,76,-67,-9,126,-30,-187,-125,31,366
-90,-57,34,73,-62,-11,130,-20,-181,-121,30,360
-86,-54,32,69,-59,-11,127,-25,-192,-119,30,361
-90,-44,46,67,-68,1,123,-8,-175,-104,38,364
-91,-52,38,71,-64,-7,117,-2,-196,-110,37,366
-86,-37,49,61,-67,7,117,-2,-173,-85,40,364
-82,-83,-1,82,-40,-42,145,67,-196,-127,24,367
-85,-78,7,81,-46,-35,247,223,-194,-166,4,358
145,-4,-149,-70,147,-76,88,304,-1,50,142,450
306,612,306,-459,0,459,-364,-843,756,859,821,952
85,1062,977,-574,-446,1018,-499,-1887,1428,1356,1242,1255
-145,265,410,-60,-277,337,-297,-1407,315,357,470,750
-260,-230,30,244,-145,-99,-22,-795,-540,-356,-111,325
-217,-161,56,189,-136,-52,148,-339,-233,-193,-40,316
-123,-154,-31,138,-46,-93,154,-91,-221,-168,-15,329
-101,-41,60,71,-80,9,151,37,-135,-96,39,368
-91,-40,51,65,-71,5,148,128,-109,-75,44,376
-84,-28,56,56,-70,13,143,113,-107,-68,42,373
-69,-21,47,45,-58,13,141,155,-85,-57,52,379
-57,-19,39,38,-48,9,135,149,-97,-61,57,378
-46,-6,41,26,-43,17,130,168,-72,-45,63,381
-31,-6,26,18,-28,10,125,175,-80,-49,57,375
-27,7,34,10,-30,20,120,180,-59,-35,63,372
-29,9,38,10,-34,23,113,185,-58,-30,58,366
-23,18,42,3,-33,30,109,195,-44,-20,64,362
-15,22,38,-4,-27,30,100,215,-32,-11,68,357
-6,29,35,-12,-21,32,94,218,-19,3,76,355
0,36,35,-19,-18,35,77,242,-2,17,81,366
7,40,33,-24,-13,36,49,271,19,32,95,369
20,49,29,-34,-5,39,26,290,51,51,116,373
40,70,30,-55,5,50,6,321,79,80,124,389
66,95,29,-81,18,62,-23,359,122,126,153,401
90,131,41,-111,24,86,-58,388,176,180,199,433
112,177,66,-145,23,121,-94,410,229,248,245,478
135,223,87,-179,24,155,-136,404,282,307,300,513
165,258,93,-212,36,175,-167,393,323,355,337,542
181,281,100,-231,41,190,-192,386,356,384,369,560
181,293,112,-237,34,202,-202,375,350,382,376,555
166,270,103,-218,31,186,-174,353,299,347,329,529
114,208,94,-161,10,151,-127,302,218,255,261,473
56,142,86,-99,-15,114,-84,230,109,144,176,401
13,89,77,-51,-32,83,-56,163,30,53,105,350
-24,47,72,-12,-48,59,-41,112,-23,2,59,309
-45,18,63,13,-54,41,-40,74,-61,-28,32,282
-49,9,58,20,-54,33,-40,49,-86,-52,24,267
-39,11,50,14,-45,30,-40,41,-102,-63,18,252
-38,7,45,15,-42,26,-40,36,-99,-70,15,246
-31,5,36,13,-34,20,-40,31,-103,-71,10,239
-30,5,35,12,-33,20,-36,25,-106,-75,5,232
-49,1,50,24,-50,26,-35,20,-104,-75,2,226
-50,0,49,25,-49,24,-35,25,-102,-76,-4,219
-44,0,44,21,-44,22,-31,32,-98,-77,-9,215
-45,0,44,22,-44,22,-29,37,-97,-75,-12,215
-37,0,37,18,-37,19,-32,44,-93,-72,-18,215
-43,-1,42,22,-43,20,-39,56,-91,-69,-20,214
-57,-5,52,31,-54,23,-40,66,-88,-66,-20,215
-52,-5,47,28,-49,21,-39,70,-85,-64,-20,212
-43,-5,38,24,-40,16,-41,78,-85,-66,-20,202
-37,-5,32,21,-34,13,-38,78,-83,-64,-20,192
-28,-5,23,16,-25,9,-45,71,-80,-72,-20,185
-27,-9,19,18,-23,5,-56,67,-79,-81,-16,181
-47,-10,37,28,-42,13,-55,61,-88,-80,-15,179
-52,-10,42,31,-47,16,-55,55,-92,-80,-15,174
-53,-15,39,34,-46,12,-55,50,-90,-80,-15,171
-56,-15,41,36,-48,12,-54,46,-89,-80,-15,167
-54,-15,39,35,-46,12,-58,43,-86,-80,-16,159
-56,-15,41,35,-48,12,-60,41,-84,-80,-20,151
-50,-15,35,32,-42,10,-60,37,-89,-80,-20,143
-45,-15,30,30,-37,7,-60,35,-96,-80,-20,136
-39,-15,24,27,-31,5,-60,33,-95,-80,-20,128
-35,-15,20,25,-27,2,-61,29,-95,-80,-20,121
-23,-11,12,17,-18,0,-64,30,-95,-80,-23,114
-23,-10,13,16,-18,2,-67,26,-95,-80,-26,106
-48,-10,38,29,-43,14,-70,25,-94,-80,-29,99
-51,-10,41,30,-46,16,-72,25,-90,-80,-32,93
-44,-10,34,27,-39,12,-76,20,-90,-80,-35,88
-44,-10,34,26,-39,12,-72,20,-90,-78,-35,85
-38,-10,28,24,-33,9,-70,20,-90,-74,-35,82
-35,-10,25,22,-30,7,-70,20,-90,-75,-35,77
-43,-10,33,26,-38,11,-70,20,-94,-75,-35,75
-46,-10,36,27,-41,12,-70,20,-95,-75,-35,80
-44,-10,35,27,-40,12,-70,20,-95,-74,-35,80
-49,-14,35,31,-42,11,-75,20,-99,-70,-32,80
-50,-15,35,32,-42,10,-75,20,-100,-70,-29,80
-50,-15,35,32,-42,10,-75,20,-99,-70,-30,80
-45,-15,30,30,-37,7,-75,20,-95,-70,-30,78
-46,-15,30,31,-37,7,-75,15,-95,-70,-30,73
-42,-14,29,28,-35,7,-73,15,-92,-70,-29,70
-35,-10,25,22,-30,7,-69,14,-90,-70,-25,67
-35,-10,25,22,-30,7,-70,9,-90,-70,-25,62
-38,-10,27,24,-32,8,-66,11,-87,-70,-22,59
-40,-10,30,25,-35,10,-65,7,-84,-70,-20,56
-40,-10,30,25,-35,10,-65,5,-81,-69,-20,51
-44,-14,30,29,-36,8,-60,5,-78,-66,-24,49
-45,-15,30,30,-37,7,-60,5,-76,-63,-31,44
-45,-15,30,30,-37,7,-59,5,-73,-60,-35,41
-45,-15,30,30,-37,7,-55,4,-70,-58,-38,37
-45,-15,30,30,-37,7,-55,15,-67,-54,-42,31
-44,-14,30,29,-36,8,-55,23,-65,-58,-45,26
-40,-10,30,25,-35,10,-55,19,-61,-60,-49,20
-41,-10,30,25,-35,10,-55,20,-60,-60,-50,15
-37,-10,27,24,-32,8,-55,20,-57,-64,-50,9
-35,-10,25,22,-30,7,-55,20,-52,-66,-55,2
-31,-10,21,21,-26,5,-55,20,-49,-64,-55,-4
-30,-10,20,20,-25,5,-50,15,-45,-60,-55,-11
-25,-10,15,17,-20,2,-50,15,-42,-60,-55,-17
-26,-10,16,17,-21,3,-49,15,-38,-59,-55,-23
-44,-10,33,26,-39,11,-45,15,-35,-55,-55,-29
-45,-10,36,27,-40,12,-44,15,-33,-55,-55,-35
-46,-11,35,28,-40,11,-48,12,-30,-58,-55,-42
-51,-15,35,33,-43,10,-52,10,-27,-60,-58,-53
-49,-14,35,31,-42,10,-50,7,-24,-61,-62,-62
-52,-18,34,34,-43,8,-50,4,-22,-65,-64,-69
-50,-20,29,35,-40,5,-50,1,-17,-65,-69,-75
-51,-20,31,35,-41,5,-50,0,-15,-59,-69,-76
-45,-16,29,30,-37,7,-50,6,-11,-54,-62,-86
-35,-4,31,20,-33,13,-41,12,-6,-48,-58,-99
-24,5,29,9,-27,17,-28,21,-5,-42,-52,-92
-3,37,40,-17,-21,38,-18,42,6,-37,-46,-84
11,72,61,-41,-25,66,-13,69,12,-31,-41,-76
41,94,53,-68,-6,73,-40,81,42,-27,-37,-71
60,100,40,-80,10,70,-67,69,64,-21,-33,-70
46,76,30,-61,8,53,-64,56,38,-15,-31,-71
39,60,20,-50,9,40,-62,41,26,-11,-25,-68
16,31,15,-24,0,23,-59,25,23,-20,-29,-78
-10,-4,5,7,-8,0,-56,9,13,-47,-58,-114
-15,-13,1,14,-8,-5,-54,-2,9,-60,-73,-137
-18,-28,-11,23,-3,-19,-51,3,-1,-62,-83,-150
-32,-35,-4,34,-14,-19,-49,-5,-6,-67,-89,-162
-30,-37,-7,34,-11,-22,-50,0,-14,-69,-95,-176
-30,-34,-4,32,-13,-19,-44,-11,-21,-67,-102,-183
-36,-35,1,36,-18,-17,-46,3,-10,-62,-98,-188
-32,-37,-5,34,-13,-21,-43,-4,-20,-69,-103,-204
-45,-30,14,37,-29,-8,-35,2,-1,-59,-96,-209
-57,-45,13,50,-35,-16,-31,9,-17,-72,-104,-218
-76,-30,46,53,-61,8,-19,-6,5,-57,-97,-215
-45,-66,-20,55,-12,-43,-20,61,-24,-79,-122,-234
-35,-64,-29,50,-3,-46,73,180,-61,-130,-175,-280
154,-22,-176,-66,165,-99,-35,324,79,20,-61,-204
361,511,150,-436,106,330,-455,-688,698,751,561,263
146,1090,945,-618,-400,1016,-630,-1876,1468,1421,1120,672
-84,435,519,-176,-302,477,-480,-1506,619,596,474,237
-198,-191,7,194,-102,-92,-212,-845,-350,-283,-246,-301
-170,-157,13,163,-91,-72,-33,-371,-138,-182,-227,-346
-91,-154,-63,123,-13,-109,2,-91,-97,-151,-194,-345
-105,-78,27,91,-65,-25,13,32,-11,-105,-154,-346
-57,-40,17,48,-37,-11,4,133,24,-69,-142,-343
-40,-23,16,31,-27,-4,3,124,9,-72,-144,-347
-32,-19,13,25,-22,-3,-1,156,43,-52,-133,-343
-15,-21,-6,18,-4,-13,-6,165,18,-59,-139,-347
7,-10,-17,2,12,-13,-4,182,40,-41,-128,-338
19,-13,-32,-2,25,-22,-6,178,29,-43,-132,-341
11,-4,-15,-3,13,-9,-4,189,38,-30,-125,-338
21,0,-21,-10,21,-11,-5,196,35,-27,-120,-335
15,8,-7,-11,10,1,-5,203,45,-18,-115,-335
27,14,-13,-21,20,0,-6,239,51,-13,-109,-332
60,21,-40,-40,50,-9,-15,251,65,-6,-104,-328
73,26,-47,-49,60,-10,-29,257,74,9,-98,-324
61,23,-37,-42,49,-6,-39,279,89,21,-87,-322
71,33,-38,-51,54,-2,-41,307,120,46,-76,-316
91,58,-33,-74,62,12,-39,328,132,66,-57,-315
80,73,-7,-77,43,33,-60,358,167,102,-22,-296
119,100,-19,-109,69,40,-89,389,211,151,14,-266
128,136,8,-132,60,72,-108,415,259,202,57,-249
134,169,35,-151,49,102,-128,419,311,255,98,-213
162,200,38,-181,62,119,-150,413,368,312,143,-185
158,233,76,-196,41,154,-175,417,400,349,175,-184
181,262,81,-222,50,172,-184,400,395,355,185,-190
163,249,86,-206,38,168,-175,361,389,351,183,-188
114,205,91,-159,11,148,-141,319,332,276,122,-222
70,148,77,-109,-4,112,-89,262,233,174,40,-294
29,87,59,-58,-15,73,-47,197,143,89,-33,-351
-8,39,47,-16,-28,43,-23,146,73,6,-105,-405
-34,3,38,15,-36,20,-13,108,24,-48,-143,-433
-39,-15,24,27,-31,4,2,83,-11,-73,-162,-445
-34,-31,3,33,-18,-14,15,72,-27,-84,-175,-454
-24,-41,-17,32,-4,-28,20,66,-42,-105,-187,-473
-18,-39,-21,29,1,-30,22,59,-51,-112,-192,-496
-33,-44,-11,39,-11,-27,25,52,-61,-112,-188,-495
-53,-45,8,49,-30,-19,29,46,-107,-117,-192,-500
-37,-45,-8,41,-14,-26,30,48,-142,-119,-206,-502
-45,-45,0,45,-22,-22,30,51,-160,-120,-213,-506
-60,-45,15,52,-37,-14,30,60,-165,-115,-215,-502
-38,-45,-7,42,-15,-26,30,69,-169,-115,-214,-496
-26,-45,-19,36,-3,-32,29,76,-188,-115,-222,-510
-23,-45,-22,34,0,-33,25,79,-191,-115,-231,-516
-31,-50,-19,40,-6,-34,26,74,-200,-115,-232,-529
-38,-55,-17,47,-10,-36,23,75,-207,-118,-236,-544
-41,-55,-14,49,-13,-35,20,73,-211,-120,-238,-548
-36,-55,-19,46,-8,-37,20,69,-224,-121,-247,-551
-24,-55,-31,40,4,-43,16,71,-232,-124,-249,-548
-24,-55,-31,39,4,-42,15,65,-243,-128,-253,-555
-28,-58,-29,43,1,-43,15,55,-252,-129,-255,-563
-30,-60,-31,45,0,-46,15,47,-263,-136,-259,-567
-30,-60,-29,45,0,-45,15,37,-269,-146,-269,-568
-29,-60,-31,45,1,-46,15,29,-271,-145,-270,-575
-33,-60,-27,47,-3,-43,15,24,-275,-145,-270,-602
-37,-60,-23,49,-7,-41,15,21,-277,-144,-269,-606
-43,-60,-17,52,-13,-38,15,18,-280,-156,-281,-604
-46,-60,-14,53,-16,-36,14,13,-282,-167,-292,-610
-51,-60,-9,56,-21,-34,26,10,-286,-164,-289,-609
-56,-60,-4,58,-26,-31,31,10,-284,-168,-293,-611
-32,-60,-29,46,-1,-44,25,10,-289,-170,-295,-619
-15,-57,-43,36,14,-50,23,10,-296,-170,-294,-633
-16,-55,-39,35,12,-46,18,10,-294,-170,-299,-642
-15,-55,-40,35,13,-47,14,10,-298,-170,-300,-652
-21,-55,-34,38,7,-44,26,9,-300,-170,-300,-663
-19,-55,-36,37,9,-45,31,4,-300,-170,-304,-668
-23,-55,-32,39,5,-43,29,1,-304,-169,-305,-674
-29,-55,-26,42,-1,-40,28,-3,-305,-171,-306,-678
-37,-55,-19,46,-8,-37,24,-7,-305,-184,-310,-683
-42,-55,-13,48,-14,-33,25,-10,-305,-196,-313,-684
-50,-55,-6,53,-22,-30,28,-14,-305,-196,-315,-679
-55,-55,0,55,-27,-27,31,-15,-303,-195,-315,-680
-31,-53,-22,42,-4,-37,34,-16,-300,-194,-314,-677
-17,-49,-32,34,7,-40,36,-14,-300,-190,-320,-674
-26,-47,-21,36,-2,-33,40,-17,-298,-190,-319,-674
-28,-45,-16,37,-6,-30,39,-12,-293,-189,-314,-672
-18,-28,-10,23,-4,-19,34,-8,-298,-185,-307,-666
1,1,0,-1,0,0,29,23,-276,-181,-303,-665
54,40,-14,-47,33,13,24,79,-235,-170,-297,-665
82,49,-32,-65,57,8,21,58,-250,-159,-294,-664
64,37,-27,-50,45,5,14,32,-268,-152,-289,-666
43,21,-22,-32,33,0,23,31,-261,-138,-283,-661
-11,-33,-22,22,6,-28,37,13,-289,-174,-323,-690
-45,-56,-11,51,-16,-34,36,-13,-310,-212,-349,-722
-29,-56,-27,43,0,-42,32,-29,-313,-209,-346,-722
-21,-62,-41,42,10,-51,30,-30,-327,-215,-358,-727
-26,-57,-31,42,3,-44,27,-31,-321,-214,-359,-739
-27,-59,-32,43,3,-45,24,-28,-337,-216,-369,-748
-33,-50,-17,42,-7,-34,26,-34,-332,-214,-372,-758
-26,-61,-35,44,5,-48,23,-24,-337,-221,-373,-772
-35,-48,-13,42,-11,-30,28,-34,-336,-219,-368,-775
-33,-62,-29,48,-1,-46,21,-13,-330,-220,-368,-779
-57,-47,10,52,-33,-19,31,-25,-346,-221,-365,-781
-40,-52,-11,46,-15,-31,31,-11,-314,-217,-362,-778
-18,-91,-73,55,28,-82,93,107,-393,-265,-420,-823
35,-86,-120,26,78,-103,147,309,-319,-230,-411,-836
284,156,-127,-220,205,14,-200,0,123,244,-6,-529
277,955,678,-617,-200,816,-570,-1204,1157,1129,710,-35
2,831,828,-417,-413,829,-478,-1549,1092,880,509,-174
-189,-58,132,123,-160,37,-195,-957,-406,-264,-355,-770
-206,-183,23,195,-114,-80,14,-555,-642,-459,-526,-960
-124,-158,-34,141,-45,-96,84,-247,-400,-322,-456,-926
-70,-116,-46,93,-12,-81,70,-105,-409,-301,-441,-928
-36,-36,0,36,-18,-18,52,21,-286,-225,-392,-915
-37,-27,10,31,-23,-8,41,63,-320,-230,-395,-915
-10,-4,6,7,-8,2,37,68,-274,-206,-376,-906
13,-16,-30,2,21,-23,34,95,-284,-216,-380,-901
20,-1,-20,-9,21,-11,31,85,-266,-205,-369,-904
19,-4,-23,-7,21,-14,26,98,-257,-205,-365,-910
19,3,-16,-10,17,-6,24,113,-254,-194,-361,-910
15,5,-10,-9,12,-2,18,126,-238,-171,-353,-908
21,7,-14,-14,17,-3,12,124,-240,-165,-352,-913
53,11,-42,-32,48,-15,8,137,-227,-154,-345,-929
58,13,-45,-35,51,-16,1,143,-221,-149,-343,-927
52,16,-36,-34,44,-10,-3,157,-193,-140,-335,-919
61,24,-36,-42,48,-6,-13,180,-169,-125,-319,-915
84,50,-34,-66,58,8,-25,190,-142,-98,-303,-909
89,54,-36,-71,62,9,-45,206,-121,-76,-291,-899
98,63,-35,-80,66,14,-67,230,-93,-39,-270,-874
129,94,-36,-111,82,29,-90,256,-46,5,-227,-853
156,125,-31,-140,93,47,-128,275,17,63,-184,-819
182,158,-24,-169,103,66,-160,296,77,132,-138,-781
218,199,-19,-208,118,90,-180,297,126,184,-89,-748
245,234,-10,-239,127,112,-198,284,163,224,-61,-729
237,238,1,-237,118,119,-221,280,168,222,-38,-712
218,227,9,-223,104,118,-218,269,153,206,-47,-712
174,197,23,-185,75,109,-178,255,105,152,-108,-766
114,145,31,-130,41,88,-132,215,50,56,-186,-827
70,95,24,-83,23,59,-82,149,-5,-38,-265,-893
31,48,17,-40,7,32,-30,101,-63,-115,-320,-947
3,14,12,-9,-5,13,9,59,-105,-164,-357,-977
-4,-1,3,2,-4,1,28,27,-132,-195,-381,-1000
-5,-12,-7,9,1,-9,40,15,-138,-208,-388,-1008
-15,-20,-5,18,-5,-12,49,2,-141,-211,-390,-1014
-20,-20,0,20,-10,-10,51,-5,-140,-209,-390,-1024
-22,-20,2,21,-12,-9,54,-5,-140,-211,-389,-1039
-27,-20,7,23,-17,-6,57,-7,-140,-215,-392,-1044
-29,-19,10,24,-20,-5,60,-10,-138,-218,-403,-1048
-30,-23,7,26,-18,-8,60,-10,-134,-220,-405,-1050
-27,-25,2,26,-14,-11,60,-8,-128,-220,-404,-1049
-24,-25,-1,25,-11,-12,60,-3,-125,-220,-405,-1050
-24,-28,-4,27,-10,-16,60,3,-120,-220,-405,-1049
-22,-31,-9,27,-7,-20,60,6,-115,-219,-404,-1050
-19,-29,-10,24,-4,-20,60,12,-115,-214,-399,-1049
-16,-26,-10,21,-3,-17,56,15,-115,-211,-400,-1049
-15,-25,-10,20,-2,-17,55,10,-115,-208,-397,-1049
-14,-24,-10,19,-2,-17,55,5,-115,-203,-394,-1049
-10,-20,-10,15,0,-15,55,1,-115,-200,-395,-1049
-10,-20,-10,15,0,-15,55,-4,-114,-200,-391,-1049
-16,-23,-6,20,-5,-14,56,-8,-110,-200,-390,-1052
-21,-25,-4,24,-8,-15,60,-13,-110,-200,-390,-1055
-19,-25,-5,23,-7,-15,60,-19,-107,-200,-390,-1057
-20,-25,-5,23,-7,-15,60,-24,-104,-200,-389,-1061
-20,-25,-5,23,-7,-15,60,-29,-105,-200,-391,-1063
-21,-25,-4,23,-8,-14,60,-35,-101,-200,-395,-1065
-27,-25,2,26,-14,-11,64,-40,-100,-200,-395,-1068
-33,-25,8,29,-20,-8,65,-45,-100,-200,-395,-1070
-39,-25,14,32,-26,-5,65,-49,-100,-200,-395,-1069
-37,-25,12,31,-24,-6,65,-50,-100,-200,-395,-1069
-32,-25,7,28,-19,-9,66,-50,-99,-196,-391,-1070
-30,-25,5,27,-17,-10,70,-50,-95,-195,-389,-1070
-25,-25,0,25,-12,-12,70,-50,-95,-195,-390,-1082
-22,-25,-3,24,-9,-14,74,-50,-95,-190,-389,-1093
-18,-25,-7,22,-5,-16,75,-50,-94,-190,-390,-1101
-15,-25,-10,20,-2,-17,75,-50,-96,-189,-388,-1115
-10,-25,-15,18,3,-19,75,-50,-91,-185,-385,-1117
-3,-20,-17,12,7,-19,75,-50,-90,-183,-385,-1123
2,-20,-22,9,12,-21,75,-50,-89,-180,-385,-1130
6,-19,-25,7,16,-21,75,-49,-95,-176,-385,-1127
6,-15,-21,4,14,-18,76,-53,-130,-175,-385,-1143
0,-15,-15,8,8,-14,83,-55,-152,-171,-388,-1161
-8,-18,-10,13,2,-14,88,-55,-162,-170,-390,-1162
-15,-20,-5,18,-5,-12,95,-55,-171,-170,-389,-1166
-27,-23,3,25,-15,-10,94,-55,-169,-165,-390,-1169
-25,-26,-1,25,-12,-13,97,-55,-172,-165,-390,-1173
-14,-29,-14,22,0,-21,93,-49,-174,-164,-389,-1181
-17,-31,-15,24,-1,-23,98,-45,-176,-159,-384,-1183
-19,-21,-2,21,-8,-11,91,-36,-172,-153,-380,-1179
-1,-17,-17,10,8,-17,80,-34,-166,-150,-378,-1179
20,0,-20,-10,20,-10,88,-24,-160,-144,-372,-1175
33,25,-9,-29,21,8,119,-10,-148,-142,-372,-1174
48,54,6,-51,21,30,111,13,-131,-121,-354,-1178
54,88,33,-72,10,60,94,59,-113,-77,-318,-1180
67,75,8,-71,29,42,109,30,-137,-80,-315,-1179
84,58,-26,-71,54,16,23,-15,-173,-94,-326,-1180
71,36,-35,-53,53,0,29,-20,-181,-87,-328,-1178
29,-5,-35,-12,32,-20,9,-36,-200,-117,-350,-1184
-7,-34,-27,21,10,-30,156,-45,-231,-141,-374,-1200
-16,-45,-29,31,7,-37,12,-51,-246,-140,-375,-1207
-28,-45,-18,37,-4,-31,120,-50,-245,-146,-375,-1213
-19,-44,-25,32,4,-34,304,-47,-245,-135,-375,-1219
-21,-47,-27,34,4,-37,-257,-44,-245,-129,-376,-1219
